"frc3651","frc7489","frc1398","2019scmb_qm1_red","qm","2019scmb"
"frc900","frc6222","frc4451","2019scmb_qm1_blue","qm","2019scmb"
"frc2815","frc4847","frc1539","2019scmb_qm10_red","qm","2019scmb"
"frc21","frc1369","frc4267","2019scmb_qm10_blue","qm","2019scmb"
"frc1287","frc108","frc1758","2019scmb_qm11_red","qm","2019scmb"
"frc6222","frc379","frc4074","2019scmb_qm11_blue","qm","2019scmb"
"frc1051","frc3824","frc5327","2019scmb_qm12_red","qm","2019scmb"
"frc6366","frc6961","frc5410","2019scmb_qm12_blue","qm","2019scmb"
"frc4005","frc7152","frc283","2019scmb_qm13_red","qm","2019scmb"
"frc4020","frc4965","frc342","2019scmb_qm13_blue","qm","2019scmb"
"frc1902","frc3976","frc3489","2019scmb_qm14_red","qm","2019scmb"
"frc3651","frc5130","frc900","2019scmb_qm14_blue","qm","2019scmb"
"frc2187","frc1293","frc2393","2019scmb_qm15_red","qm","2019scmb"
"frc7085","frc5949","frc4823","2019scmb_qm15_blue","qm","2019scmb"
"frc7107","frc4083","frc4073","2019scmb_qm16_red","qm","2019scmb"
"frc4847","frc7489","frc4243","2019scmb_qm16_blue","qm","2019scmb"
"frc281","frc21","frc5063","2019scmb_qm17_red","qm","2019scmb"
"frc4504","frc7072","frc7409","2019scmb_qm17_blue","qm","2019scmb"
"frc6167","frc6626","frc4074","2019scmb_qm18_red","qm","2019scmb"
"frc2815","frc379","frc4187","2019scmb_qm18_blue","qm","2019scmb"
"frc4451","frc5022","frc1287","2019scmb_qm19_red","qm","2019scmb"
"frc3490","frc1539","frc1553","2019scmb_qm19_blue","qm","2019scmb"
"frc86","frc1051","frc1293","2019scmb_qm2_red","qm","2019scmb"
"frc4582","frc1758","frc6167","2019scmb_qm2_blue","qm","2019scmb"
"frc1369","frc108","frc5472","2019scmb_qm20_red","qm","2019scmb"
"frc5317","frc263","frc4582","2019scmb_qm20_blue","qm","2019scmb"
"frc2614","frc5777","frc4748","2019scmb_qm21_red","qm","2019scmb"
"frc86","frc4075","frc4267","2019scmb_qm21_blue","qm","2019scmb"
"frc1398","frc7085","frc4965","2019scmb_qm22_red","qm","2019scmb"
"frc7072","frc3651","frc3140","2019scmb_qm22_blue","qm","2019scmb"
"frc4074","frc4073","frc3824","2019scmb_qm23_red","qm","2019scmb"
"frc4504","frc7107","frc2187","2019scmb_qm23_blue","qm","2019scmb"
"frc6222","frc1539","frc4020","2019scmb_qm24_red","qm","2019scmb"
"frc4083","frc5949","frc7409","2019scmb_qm24_blue","qm","2019scmb"
"frc6167","frc7152","frc3490","2019scmb_qm25_red","qm","2019scmb"
"frc6366","frc281","frc1369","2019scmb_qm25_blue","qm","2019scmb"
"frc4075","frc379","frc4582","2019scmb_qm26_red","qm","2019scmb"
"frc263","frc4847","frc900","2019scmb_qm26_blue","qm","2019scmb"
"frc283","frc86","frc5317","2019scmb_qm27_red","qm","2019scmb"
"frc7489","frc5022","frc21","2019scmb_qm27_blue","qm","2019scmb"
"frc3489","frc5063","frc1758","2019scmb_qm28_red","qm","2019scmb"
"frc5327","frc4243","frc2393","2019scmb_qm28_blue","qm","2019scmb"
"frc1287","frc1051","frc342","2019scmb_qm29_red","qm","2019scmb"
"frc2614","frc1398","frc1293","2019scmb_qm29_blue","qm","2019scmb"
"frc4187","frc5063","frc4823","2019scmb_qm3_red","qm","2019scmb"
"frc4073","frc7152","frc6366","2019scmb_qm3_blue","qm","2019scmb"
"frc5410","frc4187","frc3976","2019scmb_qm30_red","qm","2019scmb"
"frc4451","frc3140","frc4005","2019scmb_qm30_blue","qm","2019scmb"
"frc5472","frc2815","frc4748","2019scmb_qm31_red","qm","2019scmb"
"frc1902","frc5777","frc6961","2019scmb_qm31_blue","qm","2019scmb"
"frc108","frc1553","frc5130","2019scmb_qm32_red","qm","2019scmb"
"frc4267","frc4823","frc6626","2019scmb_qm32_blue","qm","2019scmb"
"frc7489","frc4965","frc1369","2019scmb_qm33_red","qm","2019scmb"
"frc7409","frc2187","frc5327","2019scmb_qm33_blue","qm","2019scmb"
"frc4074","frc4847","frc5317","2019scmb_qm34_red","qm","2019scmb"
"frc4020","frc6167","frc2393","2019scmb_qm34_blue","qm","2019scmb"
"frc4187","frc3489","frc7085","2019scmb_qm35_red","qm","2019scmb"
"frc5022","frc4582","frc3824","2019scmb_qm35_blue","qm","2019scmb"
"frc900","frc1287","frc7072","2019scmb_qm36_red","qm","2019scmb"
"frc283","frc4748","frc5410","2019scmb_qm36_blue","qm","2019scmb"
"frc3140","frc2815","frc4243","2019scmb_qm37_red","qm","2019scmb"
"frc1051","frc1553","frc2614","2019scmb_qm37_blue","qm","2019scmb"
"frc7152","frc5949","frc1398","2019scmb_qm38_red","qm","2019scmb"
"frc1758","frc1902","frc21","2019scmb_qm38_blue","qm","2019scmb"
"frc7107","frc6961","frc379","2019scmb_qm39_red","qm","2019scmb"
"frc4823","frc4075","frc4005","2019scmb_qm39_blue","qm","2019scmb"
"frc4020","frc263","frc1902","2019scmb_qm4_red","qm","2019scmb"
"frc3824","frc2614","frc4965","2019scmb_qm4_blue","qm","2019scmb"
"frc6366","frc108","frc5777","2019scmb_qm40_red","qm","2019scmb"
"frc4504","frc3651","frc1539","2019scmb_qm40_blue","qm","2019scmb"
"frc4267","frc4073","frc6222","2019scmb_qm41_red","qm","2019scmb"
"frc263","frc86","frc3976","2019scmb_qm41_blue","qm","2019scmb"
"frc6626","frc5472","frc5063","2019scmb_qm42_red","qm","2019scmb"
"frc4083","frc1293","frc3490","2019scmb_qm42_blue","qm","2019scmb"
"frc342","frc4451","frc2187","2019scmb_qm43_red","qm","2019scmb"
"frc281","frc5130","frc2815","2019scmb_qm43_blue","qm","2019scmb"
"frc7072","frc4005","frc7107","2019scmb_qm44_red","qm","2019scmb"
"frc6167","frc5327","frc2614","2019scmb_qm44_blue","qm","2019scmb"
"frc1758","frc4187","frc4075","2019scmb_qm45_red","qm","2019scmb"
"frc1553","frc1369","frc3651","2019scmb_qm45_blue","qm","2019scmb"
"frc1539","frc5317","frc1398","2019scmb_qm46_red","qm","2019scmb"
"frc4073","frc4748","frc379","2019scmb_qm46_blue","qm","2019scmb"
"frc7085","frc6222","frc4083","2019scmb_qm47_red","qm","2019scmb"
"frc7152","frc4965","frc1051","2019scmb_qm47_blue","qm","2019scmb"
"frc1293","frc1902","frc4504","2019scmb_qm48_red","qm","2019scmb"
"frc5410","frc4267","frc5022","2019scmb_qm48_blue","qm","2019scmb"
"frc3976","frc342","frc3490","2019scmb_qm49_red","qm","2019scmb"
"frc4847","frc3824","frc108","2019scmb_qm49_blue","qm","2019scmb"
"frc1553","frc7085","frc4748","2019scmb_qm5_red","qm","2019scmb"
"frc5327","frc4504","frc5130","2019scmb_qm5_blue","qm","2019scmb"
"frc4823","frc7409","frc5777","2019scmb_qm50_red","qm","2019scmb"
"frc4582","frc283","frc4451","2019scmb_qm50_blue","qm","2019scmb"
"frc6626","frc263","frc7489","2019scmb_qm51_red","qm","2019scmb"
"frc2393","frc1287","frc281","2019scmb_qm51_blue","qm","2019scmb"
"frc5130","frc21","frc4020","2019scmb_qm52_red","qm","2019scmb"
"frc6961","frc5063","frc3140","2019scmb_qm52_blue","qm","2019scmb"
"frc4243","frc86","frc5949","2019scmb_qm53_red","qm","2019scmb"
"frc900","frc6366","frc4074","2019scmb_qm53_blue","qm","2019scmb"
"frc5472","frc1539","frc7107","2019scmb_qm54_red","qm","2019scmb"
"frc3489","frc1398","frc1553","2019scmb_qm54_blue","qm","2019scmb"
"frc7409","frc4267","frc7152","2019scmb_qm55_red","qm","2019scmb"
"frc4005","frc3651","frc6167","2019scmb_qm55_blue","qm","2019scmb"
"frc5022","frc4083","frc342","2019scmb_qm56_red","qm","2019scmb"
"frc7072","frc1758","frc263","2019scmb_qm56_blue","qm","2019scmb"
"frc7489","frc3490","frc1902","2019scmb_qm57_red","qm","2019scmb"
"frc379","frc4823","frc1051","2019scmb_qm57_blue","qm","2019scmb"
"frc21","frc5327","frc1293","2019scmb_qm58_red","qm","2019scmb"
"frc3976","frc4074","frc4451","2019scmb_qm58_blue","qm","2019scmb"
"frc5949","frc3824","frc4075","2019scmb_qm59_red","qm","2019scmb"
"frc5063","frc5317","frc1287","2019scmb_qm59_blue","qm","2019scmb"
"frc4083","frc3976","frc281","2019scmb_qm6_red","qm","2019scmb"
"frc283","frc6961","frc3489","2019scmb_qm6_blue","qm","2019scmb"
"frc2393","frc6366","frc283","2019scmb_qm60_red","qm","2019scmb"
"frc2614","frc2815","frc1369","2019scmb_qm60_blue","qm","2019scmb"
"frc4965","frc5410","frc281","2019scmb_qm61_red","qm","2019scmb"
"frc5130","frc5472","frc86","2019scmb_qm61_blue","qm","2019scmb"
"frc108","frc4073","frc7085","2019scmb_qm62_red","qm","2019scmb"
"frc5777","frc900","frc4020","2019scmb_qm62_blue","qm","2019scmb"
"frc6961","frc6626","frc4504","2019scmb_qm63_red","qm","2019scmb"
"frc6222","frc4582","frc4243","2019scmb_qm63_blue","qm","2019scmb"
"frc4748","frc3489","frc4847","2019scmb_qm64_red","qm","2019scmb"
"frc4187","frc2187","frc3140","2019scmb_qm64_blue","qm","2019scmb"
"frc4075","frc1553","frc7072","2019scmb_qm65_red","qm","2019scmb"
"frc3976","frc7152","frc7489","2019scmb_qm65_blue","qm","2019scmb"
"frc7409","frc5317","frc3651","2019scmb_qm66_red","qm","2019scmb"
"frc7107","frc5410","frc2815","2019scmb_qm66_blue","qm","2019scmb"
"frc1051","frc5022","frc4005","2019scmb_qm67_red","qm","2019scmb"
"frc5063","frc2393","frc108","2019scmb_qm67_blue","qm","2019scmb"
"frc263","frc4243","frc6167","2019scmb_qm68_red","qm","2019scmb"
"frc7085","frc283","frc5130","2019scmb_qm68_blue","qm","2019scmb"
"frc2614","frc900","frc4073","2019scmb_qm69_red","qm","2019scmb"
"frc6626","frc3490","frc21","2019scmb_qm69_blue","qm","2019scmb"
"frc342","frc6626","frc5410","2019scmb_qm7_red","qm","2019scmb"
"frc5777","frc7107","frc5949","2019scmb_qm7_blue","qm","2019scmb"
"frc2187","frc6222","frc6366","2019scmb_qm70_red","qm","2019scmb"
"frc1287","frc5472","frc1902","2019scmb_qm70_blue","qm","2019scmb"
"frc4005","frc4243","frc2187","2019scmb_qm8_red","qm","2019scmb"
"frc3490","frc7072","frc5317","2019scmb_qm8_blue","qm","2019scmb"
"frc4075","frc3140","frc7409","2019scmb_qm9_red","qm","2019scmb"
"frc5022","frc2393","frc5472","2019scmb_qm9_blue","qm","2019scmb"
