"frc4505","frc2988","frc3941","2019vahay_qm1_red","qm","2019vahay"
"frc620","frc339","frc5338","2019vahay_qm1_blue","qm","2019vahay"
"frc2421","frc3941","frc1719","2019vahay_qm10_red","qm","2019vahay"
"frc2028","frc316","frc2363","2019vahay_qm10_blue","qm","2019vahay"
"frc623","frc1418","frc4464","2019vahay_qm11_red","qm","2019vahay"
"frc3274","frc339","frc2534","2019vahay_qm11_blue","qm","2019vahay"
"frc2961","frc5338","frc4242","2019vahay_qm12_red","qm","2019vahay"
"frc888","frc2186","frc5549","2019vahay_qm12_blue","qm","2019vahay"
"frc6543","frc1629","frc2819","2019vahay_qm13_red","qm","2019vahay"
"frc611","frc612","frc6584","2019vahay_qm13_blue","qm","2019vahay"
"frc116","frc2363","frc623","2019vahay_qm14_red","qm","2019vahay"
"frc1123","frc620","frc4505","2019vahay_qm14_blue","qm","2019vahay"
"frc5549","frc2534","frc4099","2019vahay_qm15_red","qm","2019vahay"
"frc614","frc339","frc2421","2019vahay_qm15_blue","qm","2019vahay"
"frc316","frc888","frc1731","2019vahay_qm16_red","qm","2019vahay"
"frc1629","frc6504","frc6584","2019vahay_qm16_blue","qm","2019vahay"
"frc2028","frc3373","frc2988","2019vahay_qm17_red","qm","2019vahay"
"frc4464","frc3941","frc3274","2019vahay_qm17_blue","qm","2019vahay"
"frc1895","frc611","frc2199","2019vahay_qm18_red","qm","2019vahay"
"frc5338","frc3455","frc2186","2019vahay_qm18_blue","qm","2019vahay"
"frc2961","frc1719","frc1418","2019vahay_qm19_red","qm","2019vahay"
"frc4242","frc6543","frc6863","2019vahay_qm19_blue","qm","2019vahay"
"frc2186","frc614","frc612","2019vahay_qm2_red","qm","2019vahay"
"frc6504","frc1418","frc3373","2019vahay_qm2_blue","qm","2019vahay"
"frc4099","frc1629","frc614","2019vahay_qm20_red","qm","2019vahay"
"frc623","frc888","frc620","2019vahay_qm20_blue","qm","2019vahay"
"frc2363","frc612","frc2534","2019vahay_qm21_red","qm","2019vahay"
"frc4464","frc1895","frc2028","2019vahay_qm21_blue","qm","2019vahay"
"frc1418","frc2199","frc116","2019vahay_qm22_red","qm","2019vahay"
"frc6504","frc6543","frc611","2019vahay_qm22_blue","qm","2019vahay"
"frc6584","frc1719","frc5338","2019vahay_qm23_red","qm","2019vahay"
"frc3373","frc5549","frc3941","2019vahay_qm23_blue","qm","2019vahay"
"frc6863","frc339","frc316","2019vahay_qm24_red","qm","2019vahay"
"frc1123","frc2186","frc2819","2019vahay_qm24_blue","qm","2019vahay"
"frc4505","frc1731","frc3455","2019vahay_qm25_red","qm","2019vahay"
"frc2961","frc3274","frc2988","2019vahay_qm25_blue","qm","2019vahay"
"frc2421","frc5549","frc620","2019vahay_qm26_red","qm","2019vahay"
"frc4242","frc623","frc1629","2019vahay_qm26_blue","qm","2019vahay"
"frc2186","frc6504","frc6863","2019vahay_qm27_red","qm","2019vahay"
"frc612","frc1123","frc5338","2019vahay_qm27_blue","qm","2019vahay"
"frc4464","frc2961","frc116","2019vahay_qm28_red","qm","2019vahay"
"frc1418","frc2363","frc614","2019vahay_qm28_blue","qm","2019vahay"
"frc2819","frc2988","frc1719","2019vahay_qm29_red","qm","2019vahay"
"frc1731","frc2534","frc2199","2019vahay_qm29_blue","qm","2019vahay"
"frc611","frc1731","frc3274","2019vahay_qm3_red","qm","2019vahay"
"frc623","frc1719","frc2199","2019vahay_qm3_blue","qm","2019vahay"
"frc3274","frc6584","frc3373","2019vahay_qm30_red","qm","2019vahay"
"frc339","frc1895","frc4505","2019vahay_qm30_blue","qm","2019vahay"
"frc2421","frc4099","frc6543","2019vahay_qm31_red","qm","2019vahay"
"frc3455","frc2028","frc4242","2019vahay_qm31_blue","qm","2019vahay"
"frc3941","frc316","frc1629","2019vahay_qm32_red","qm","2019vahay"
"frc888","frc611","frc614","2019vahay_qm32_blue","qm","2019vahay"
"frc6504","frc5549","frc1123","2019vahay_qm33_red","qm","2019vahay"
"frc2186","frc4464","frc3373","2019vahay_qm33_blue","qm","2019vahay"
"frc6584","frc6863","frc2363","2019vahay_qm34_red","qm","2019vahay"
"frc2199","frc3274","frc4242","2019vahay_qm34_blue","qm","2019vahay"
"frc2988","frc4099","frc339","2019vahay_qm35_red","qm","2019vahay"
"frc2819","frc116","frc2028","2019vahay_qm35_blue","qm","2019vahay"
"frc1731","frc623","frc1895","2019vahay_qm36_red","qm","2019vahay"
"frc3941","frc1418","frc888","2019vahay_qm36_blue","qm","2019vahay"
"frc620","frc316","frc611","2019vahay_qm37_red","qm","2019vahay"
"frc3455","frc612","frc2961","2019vahay_qm37_blue","qm","2019vahay"
"frc4505","frc2421","frc5338","2019vahay_qm38_red","qm","2019vahay"
"frc6543","frc2534","frc1719","2019vahay_qm38_blue","qm","2019vahay"
"frc4099","frc1895","frc4242","2019vahay_qm39_red","qm","2019vahay"
"frc6863","frc1731","frc4464","2019vahay_qm39_blue","qm","2019vahay"
"frc2534","frc6584","frc3455","2019vahay_qm4_red","qm","2019vahay"
"frc6863","frc116","frc1123","2019vahay_qm4_blue","qm","2019vahay"
"frc620","frc3455","frc3274","2019vahay_qm40_red","qm","2019vahay"
"frc316","frc612","frc5549","2019vahay_qm40_blue","qm","2019vahay"
"frc6504","frc2961","frc623","2019vahay_qm41_red","qm","2019vahay"
"frc116","frc1719","frc339","2019vahay_qm41_blue","qm","2019vahay"
"frc1418","frc2186","frc4505","2019vahay_qm42_red","qm","2019vahay"
"frc3941","frc2819","frc6584","2019vahay_qm42_blue","qm","2019vahay"
"frc3373","frc2534","frc888","2019vahay_qm43_red","qm","2019vahay"
"frc2421","frc611","frc2988","2019vahay_qm43_blue","qm","2019vahay"
"frc6543","frc1123","frc2199","2019vahay_qm44_red","qm","2019vahay"
"frc5338","frc614","frc2028","2019vahay_qm44_blue","qm","2019vahay"
"frc116","frc1629","frc612","2019vahay_qm45_red","qm","2019vahay"
"frc2363","frc1731","frc2186","2019vahay_qm45_blue","qm","2019vahay"
"frc2819","frc2421","frc3274","2019vahay_qm46_red","qm","2019vahay"
"frc1719","frc4505","frc6504","2019vahay_qm46_blue","qm","2019vahay"
"frc2534","frc2028","frc1418","2019vahay_qm47_red","qm","2019vahay"
"frc2199","frc888","frc3455","2019vahay_qm47_blue","qm","2019vahay"
"frc339","frc611","frc1123","2019vahay_qm48_red","qm","2019vahay"
"frc1895","frc620","frc6543","2019vahay_qm48_blue","qm","2019vahay"
"frc1629","frc6863","frc5549","2019vahay_qm49_red","qm","2019vahay"
"frc2988","frc5338","frc4464","2019vahay_qm49_blue","qm","2019vahay"
"frc6543","frc4464","frc888","2019vahay_qm5_red","qm","2019vahay"
"frc4099","frc2819","frc2363","2019vahay_qm5_blue","qm","2019vahay"
"frc4242","frc3373","frc2363","2019vahay_qm50_red","qm","2019vahay"
"frc316","frc614","frc6584","2019vahay_qm50_blue","qm","2019vahay"
"frc4099","frc623","frc612","2019vahay_qm51_red","qm","2019vahay"
"frc2961","frc3941","frc1123","2019vahay_qm51_blue","qm","2019vahay"
"frc1895","frc3274","frc888","2019vahay_qm52_red","qm","2019vahay"
"frc2988","frc6543","frc116","2019vahay_qm52_blue","qm","2019vahay"
"frc2819","frc4464","frc3455","2019vahay_qm53_red","qm","2019vahay"
"frc1719","frc4242","frc614","2019vahay_qm53_blue","qm","2019vahay"
"frc3373","frc2199","frc316","2019vahay_qm54_red","qm","2019vahay"
"frc4505","frc5549","frc623","2019vahay_qm54_blue","qm","2019vahay"
"frc5549","frc2028","frc2961","2019vahay_qm6_red","qm","2019vahay"
"frc1895","frc2421","frc1629","2019vahay_qm6_blue","qm","2019vahay"
"frc4242","frc6504","frc1731","2019vahay_qm7_red","qm","2019vahay"
"frc1123","frc3455","frc316","2019vahay_qm7_blue","qm","2019vahay"
"frc614","frc620","frc116","2019vahay_qm8_red","qm","2019vahay"
"frc3373","frc6863","frc2819","2019vahay_qm8_blue","qm","2019vahay"
"frc612","frc2988","frc1895","2019vahay_qm9_red","qm","2019vahay"
"frc2199","frc4505","frc4099","2019vahay_qm9_blue","qm","2019vahay"
